"","aa_1","aa_2","aa_4","fs_1","fs_2"
"aa_2",0.635830538177863,NA,NA,NA,NA
"aa_4",1.30152231666729e-09,6.53027113383141e-07,NA,NA,NA
"fs_1",4.4222511267589e-13,2.7654097527281e-12,2.2653551897794e-07,NA,NA
"fs_2",1.51624620501174e-13,1.46752921330829e-13,7.11883505551254e-11,0.000106282126021512,NA
"fs_4",2.83389891834526e-16,4.33372002476377e-15,1.34695923160454e-06,0.596971676101423,0.000165834164223304
