"","aa_1","aa_2","aa_4","fs_1","fs_2"
"aa_2",2.04763299792012e-07,NA,NA,NA,NA
"aa_4",9.18597262318461e-09,0.261595612136504,NA,NA,NA
"fs_1",0.532622942477918,3.2608948086106e-05,9.62846240375842e-07,NA,NA
"fs_2",3.51321896366597e-05,3.4650259639518e-08,5.08631298897781e-09,6.92193003176051e-05,NA
"fs_4",1.44517920120602e-09,0.0107373485852206,0.261595612136504,3.4650259639518e-08,5.30877527634079e-10
