"","aa_1","aa_2","aa_4","fs_1","fs_2"
"aa_2",0.899936524040954,NA,NA,NA,NA
"aa_4",0.906040646611972,0.852272834261679,NA,NA,NA
"fs_1",0.000313599829255844,0.00603760256899623,0.00018329152059885,NA,NA
"fs_2",0.000118767034515009,1.18659413943628e-05,3.18628919926836e-05,3.50106592923794e-10,NA
"fs_4",0.0756889527167321,0.0520308546123802,0.0909968909057443,7.54970558958777e-07,0.00971162542941582
