"","aa_1","aa_2","aa_4","fs_1","fs_2"
"aa_2",0.866907578141586,NA,NA,NA,NA
"aa_4",0.563432355243851,0.563432355243851,NA,NA,NA
"fs_1",4.96794601407427e-05,0.00191893960001654,4.20305608264638e-05,NA,NA
"fs_2",4.20305608264638e-05,0.000131935010860032,0.00217483670812975,2.5227997147386e-10,NA
"fs_4",0.213607841368067,0.28482680181603,0.51209706706325,9.62976459547876e-07,0.00600676035234203
