"","aa_1","aa_2","aa_4","fs_1","fs_2"
"aa_2",2.16615672626302e-08,NA,NA,NA,NA
"aa_4",1.59577290783217e-09,0.218454808301437,NA,NA,NA
"fs_1",0.823434485497502,5.12052412762139e-05,1.63202098730926e-06,NA,NA
"fs_2",0.000135669634328498,2.85277814757815e-08,4.27069274731066e-09,9.4289057915908e-05,NA
"fs_4",8.05825551302520e-11,0.00654892055282782,0.21668789340872,1.41945879932689e-08,2.09836843680164e-10
