"","aa_1","aa_2","aa_4","fs_1","fs_2"
"aa_2",0.693996148846398,NA,NA,NA,NA
"aa_4",4.63473710197407e-10,1.62500453432218e-07,NA,NA,NA
"fs_1",4.72470802840229e-13,2.59429934037402e-12,2.60697661684967e-07,NA,NA
"fs_2",1.17363058852244e-13,1.17363058852244e-13,3.99020726967797e-11,9.00412986054409e-05,NA
"fs_4",1.10783879164454e-16,9.52697147223797e-16,1.96024871403293e-08,0.649538332150259,0.00225637027643316
